World Development Indicators
The World Bank
"28 July, 2015"

World Development Indicators (WDI) is the primary World Bank database for development data from officially recognized international sources.

See next worksheets in Excel file for a list of series changes since previous versions.

"28 July, 2015:  Data have been updated for adjusted savings, energy, electricity, sectoral CO2, natural resource rents, and telecommunications indicators. The following issues in the July 1 2015 update have also been corrected: constant GNI related indicators (including PPP, GNI growth and net income from abroad) for Belgium and Estonia for 2014; historical national accounts data (including the DEC alternative conversion factor and US dollar derived series using GDP and GNI) up to 1990 for Argentina, Brazil, Democratic Republic of Congo, Nicaragua, and Peru; data for domestic credit to the private sector by banks for Zimbabwe for 2008 (removed); military expenditure as a percentage of GDP for Russian Federation for 1988-90 (removed); and PM2.5 series. Aggregate data for indicators covered by these corrections, as well as aggregate data for scientific and technical journal articles, have also been revised. "

"1 July, 2015:  2014 data (plus revised historical data, where necessary) for all countries and groups for population-, GDP- and GNI-related indicators have been released. Other data that have been updated include balance of payments, monetary indicators, CPIA indicators, military expenditure, CO2 emissions, fuel prices, electricity access, air traffic, merchandise trade, and foreign direct investment. Country classification hierarchies and group aggregate data reflect new fiscal year 2016 income classifications."

"14 April, 2015: Full update of development data to coincide with publication of the World Development Indicators 2015 book. New indicators include those for education expenditure, children in employment, and firm-level financing and bribery incidence."

"12 March, 2015: National accounts data have been corrected and revised for Bahrain, Israel, Kuwait, and Oman (local currency values, all years; with minor adjustments to purchasing power parity values); Kenya (constant values and growth rates, 1960-61); Mauritania (constant values and growth rates, 1960-93; and services value added); and Argentina (restoration of previously published current price values from 1994 to 2003). Other corrections include purchasing power parity household consumption data for Denmark, Germany, Spain, and aggregates from 1990 to 2002; and remittances data for Timor-Leste and aggregates for 2013. Debt to export ratios have been updated for 2013; and aggregates for statistical capacity indicators have been revised. Indicators sourced from the International Road Federation have been removed pending a review of their licensing agreement."

"30 January, 2015: Telecommunications data from ITU have been updated, along with data for preprimary enrollment and lower secondary completion rates, and grants data for 2013. Corrections and revisions have been made to data for internal water resources and nationally protected areas. Data related to GNI and net income from abroad for Timor-Leste and Chad have also been corrected."

"19 December, 2014: Balance of payments and present value of debt data for 2013 have been updated."

"16 December, 2014: This release features new external debt data from the International Debt Statistics database, and revised national accounts, PPP, balance of payments, monetary and government finance indicators, labor series, and trade indexes and trade facilitation indicators. Corrections have been made to China's historical GDP growth rate series before the year 2000. New series have been added for statistical capacity building, unemployment, particulate matter, and access to electricity and non-solid fuel. The latter indicators are now sourced from the World Bank's Sustainable Energy for All database. Water pollution indicators, which were from a research data set no longer being maintained, have been removed."

"6 November, 2014: Additional updates to poverty and income distribution have been published, along with name and metadata changes for urban and rural poverty indicators. Data have been updated for Doing Business indicators, including new figures for 2014; methodology changes have been introduced for strength of legal rights index and depth of credit information index. 2014 data are also available for logistics performance indicators, threatened species, and average annual precipitation. Freshwater series have been updated for 2013. Corrections have been made to Argentina's GNI, gross national savings, and adjusted savings series, which also affect aggregate data; minor national accounts updates for Argentina for 2013 since September have also been included. Aggregate data for charges for the use of intellectual property for 2013 have been removed due to insufficient country-level data."

"17 October, 2014: Addiional updates to poverty and income distribution indicators have been published."

"8 October, 2014: Four new shared prosperity indicators have been added that show the level and annualized growth of survey mean consumption or income per capita for the total population and the bottom 40%. Data have also been updated for malnutrition and poverty indicators. "

"24 September, 2014: Data have been updated for national accounts, balance of payments, government finance and monetary indicators, urban and rural population, HIV-related indicators, land use, fresh water, literacy, Enterprise Surveys, and private participation in infrastructure."

"16 September, 2014: New child mortality data, including 2013 estimates, have been released."

"22 July, 2014:  Updates have been made for adjusted savings indicators, PM10, natural resources rents, education aggregates, personal remittances, population density, and research and development indicators. Corrections have been made for Ecuador's and Peru's national accounts series, which also affect aggregate data (most notably 2013 growth rates for exports, imports, and consumption for Latin America and the Caribbean); and China's constant price series for services and consumption before the year 2000. Zimbabwe's monetary data for 2008 were removed due to data reliability issues. Constant price purchasing power parity data have been added for 2013."

"1 July, 2014:  2013 data (plus revised historical data, where necessary) for all countries and groups for population-, GDP- and GNI-related indicators have been released. Other data that have been updated include balance of payments, government finance and monetary indicators, CPIA indicators, ICT indicators, military expenditure, air traffic, Enterprise Surveys, merchandise trade, homicides, and bilateral aid flows. Country classification hierarchies and group aggregate data reflect new fiscal year 2015 income classifications. Kyrgyz Republic and South Sudan have moved from low income to lower middle income. Two additional aggregate groups have been added: Fragile and conflict affected situations (FCS); and Central Europe and the Baltics (CEB)."

"6 May, 2014: Purchasing power parity (PPP) indicators have been revised based on the 2011 International Comparison Program (ICP) estimates released on April 30, 2014. Annual estimates from OECD and Eurostat have previously appeared in the WDI database; for other countries annual estimates are derived from the 2011 benchmark year through a simple extrapolation method that applies the relative rate of inflation observed in the country compared with the United States to the base year PPP estimates. Extrapolation for the GDP conversion factor uses the GDP implicit deflator. Extrapolation for private consumption uses the consumer price index. PPP data are now provided only from 1990, as the longer the time period between the estimate and the benchmark, the greater the risk of inaccuracy. This database update also features revised estimates for maternal mortality indicators from 1990 to 2013 from the Maternal Mortality Estimation Inter-Agency Group; revised life expectancy figures for Kazakhstan; updates for health expenditure and cause of death series; revised estimates for adjusted savings indicators; refined exchange rate and U.S. dollar conversions for euro area countries, along with corrections for Belarus, Estonia, Singapore and Republic of Yemen; revised national accounts data for Ethiopia and GNI corrections for Chad; corrected PM10 and metals depletion data for adjusted savings indicators; and national accounts revisions for Nigeria based on official government statistics released on 6 April, 2014. The new base year for Nigeria is 2010; and GDP estimates from 2010 to 2012 are 60 to 75 percent higher than previously reported."

"14 April, 2014: National poverty estimates have been revised for Former Yugoslav Republic of Macedonia and Serbia."

"11 April, 2014: Data for male and female long-term unemployment have been restored."

"10 April, 2014: Corrections have been made to Federated States of Micronesia's land and surface area related data, and population density. Aggregates for these indicators have also been revised."

"9 April, 2014: Full update of development data to coincide with publication of the World Development Indicators 2014 book. New indicators include those for severe wasting, disaggregated by sex; and national estimates for labor force participation, ratios of employment to population, and unemployment. The topic Labor & Social Protection has been renamed Social Protection & Labor. Corrections have been made to constant price and purchasing power parity data for Armenia; constant price expenditure data for Nicaragua; and CO2 data for Palau. Constant price GDP and CPI data that are officially reported  by the National Statistics and Censuses Institute of Argentina have be restored. The International Monetary Fund has, however, issued a declaration of censure and called on Argentina to adopt remedial measures to address the quality of the official GDP and CPI data. Alternative data sources have shown significantly lower real growth and higher inflation than the official data since 2008. In this context, the World Bank is also using alternative data sources and estimates for the surveillance of macroeconomic developments in Argentina. National accounts data for Nigeria are based on official government statistics as of 1 February 2014. New estimates of nominal and constant GDP released by the Nigeria Bureau of Statistics on 6 April 2014 will be included in future editions of the WDI database."

"18 December, 2013: This release features new external debt data from the International Debt Statistics database, updated energy and poverty series, and revised national accounts, PPP, balance of payments, monetary and government finance indicators, and education and labor statistics."

"27 November, 2013: New HIV/AIDS data, including 2012 estimates, have been released."

"7 November, 2013: Data have been updated for Doing Business indicators, including new figures for 2013. Doing Business now covers 189 countries. National accounts data have also been updated for Barbados. Corrections have been made to Bangladesh's poverty estimates for 1996."

"17 October, 2013: Data have been updated for malnutrition and poverty indicators. Corrections have been made to total reserves including gold and related indicators for 2012; government finance data for Liberia for all years; and monetary data, including domestic credit to the private sector, for Slovenia from 1992 to 2006."

"23 September, 2013: Data have been updated for national accounts, balance of payments, government finance and monetary indicators, energy, CO2 emissions, land use, and military expenditures."

"13 September, 2013: New child mortality data, including 2012 estimates, have been released."

"1 August, 2013: Updates include access to an improved water source, access to improved sanitation facilities, access to electricity, tuberculosis, poverty, merchandise trade, and phone and Internet indicators. 2012 PPP indicators for OECD countries and aggregates have been revised. Corrections have been made for Philippines high-tech exports for 2010; and for national accounts data for Ghana, Pakistan, and Solomon Islands. Aggregate population growth rates for 2012 have been added."

"2 July, 2013: 2012 data (plus revised historical data, where necessary) for all countries and groups for population-, GDP- and GNI-related indicators have been released. National accounts constant U.S. dollar data are now based to the year 2005. Other data that have been updated include balance of payments, government finance and monetary indicators, education, CPIA indicators, and bilateral aid flows. Country classification hierarchies and group aggregate data reflect new fiscal year 2014 income classifications."

"29 May, 2013: Corrections have been made to country-level data for adjusted net savings including particulate emission damage in both US$ and as a % of GNI; and missing data have been restored for IBRD loans and IDA credits (DOD, current US$) ."

"14 May, 2013: Revisions and corrections have been made to poverty data and metadata; aggregate rates for the lifetime risk of maternal death; Guatemala's value added national accounts data from 2009 to 2011; and to the calculation of adjusted savings aggregates for gross savings, particulate emissions damage, and adjusted net savings."

"17 April, 2013: Full update of development data to coincide with publication of the World Development Indicators 2013 book. Of note are new poverty data, including regional estimates for 2010. Balance of payments data are now based on the IMF's 6th edition of the Balance of Payments manual. New indicators include child malnutrition and under-five mortality series by gender, and additional series for children in employment. Note: The series metadata type ""Conceptual implications and limitations"" has been renamed ""Limitations and exceptions."""

"21 March, 2013: The national poverty headcount ratio for Vietnam was revised from 14.2 to 20.7 for the year 2010."

"6 February, 2013: Youth labor force participation rates for ages 15-24 have been added. [Codes adjusted to SL.TLF.ACTI.1524.FE.ZS, SL.TLF.ACTI.1524.MA.ZS, and SL.TLF.ACTI.1524.ZS after initial publication on 5 February 2013.]"

"28 January, 2013: National poverty data, including urban and rural values, have been updated. These series now only include estimates that to the best of our knowledge are reasonably comparable over time."

"22 January, 2013: Malnutrition data for height, weight, overweight, and wasting have been corrected. The previous data from December 2012 were for three standard deviations below the median for the international reference population instead of two standard deviations."

"8 January, 2013: New data for threatened species and missing data for constant value private consumption series for OECD countries have been added. 2012 data only are available now for threatened species. Corrections have been made for balance of payments group data for all years and market capitalization data for United Kingdom and groups for 2011."

"21 December, 2012: This update features new external debt data from the newly-released International Debt Statistics publication, updated energy, emissions, freshwater, poverty, immunization, tuberculosis and HIV/AIDS series, and revised national accounts, PPP, balance of payments, monetary and government finance indicators, and education statistics. [Note: Even though Global Development Finance (GDF) is no longer listed in the WDI database name and bulk download file names, all external debt and financial flows data continue to be included in WDI. The GDF publication has been renamed International Debt Statistics (IDS), and has its own separate database, as well.]"

"31 October, 2012: New 2012 data for Doing Business and Logistic Performance indicators have been released. Net national savings data have been corrected."

"28 September, 2012: New malnutrition estimates have been jointly released by WHO, UNICEF, and the World Bank. Corrections have been made for rural and urban population series; total population and related per capita indicators for 2010; and 2011 national accounts for Argentina, Colombia, Costa Rica, and Panama."

"18 September, 2012: New child mortality estimates by the UN Inter-agency group for Child Mortality Estimation (UN IGME) have been released for neonatal, infant and under-five mortality. Other series that have been updated include education statistics, military expenditure, private participation in infrastructure, balance of payments series, monetary indicators, government finance indicators, and PPP related series. GNI and GDP were updated in July, but there are minor updates for some countries, including China."

"19 July, 2012: Aggregate values for literacy have been updated; and a scale correction was made for bank liquid reserves to bank assets ratio. "

"9 July, 2012: 2011 data (plus revised historical data, where necessary) for all countries and groups for population-, GDP- and GNI-related indicators have been released. Other data that have been updated include balance of payments and monetary indicators, water and sanitation, education, CPIA indicators, bilateral aid flows, and logistics performance. Country classification hierarchies and group aggregate data reflect new fiscal year 2013 income classifications. Gibraltar and Mayotte have been removed from the database�Gibraltar's population has fallen below 30,000; and Mayotte became an overseas department of France on March 31, 2011."

"16 May, 2012: Maternal mortality updates for 2010 and revised historical data have been released to coincide with the publication of ""Trends in Maternal Mortality: 1990-2010. Estimates Developed by WHO, UNICEF, UNFPA and the World Bank."" A new series for number of maternal mortality deaths has also been added to the database."

"10 May, 2012: The series unit values for road sector energy consumption per capita (diesel fuel, gasoline fuel, and total) have been corrected to kilograms of oil equivalent per capita."

"7 May, 2012: PPP conversion factors for Cyprus, Croatia, Latvia, Lithuania, FYR Macedonia, and Malta (for GDP) and Iceland and Ireland (for private consumption) have been corrected. All PPP-related series for these eight countries have also been recalculated."

"30 April, 2012: Constant price GNI and GNI per capita data (including growth rates) have been corrected to reflect the proper application of deflated factor income values. National poverty updates have also been processed for Burkina Faso, India, Indonesia, Malaysia, Philippines and Tanzania."

"19 April, 2012: DEC alternative conversion factor and Atlas GNI and GNI per capita data for Cuba for 2009 and 2010 should be blank."

"17 April, 2012: Full WDI update to coincide with publication of the World Development Indicators 2012 book (though some indicators have already been updated beforehand, such as external debt data in December 2011, and poverty data in March 2012). National accounts growth rates and shares data published in December 2011 for some Sub-Saharan Africa countries (most notably Lesotho, Mauritania and Zimbabwe) were not properly aligned with base data. These inconsistencies have been corrected in this release.  "

"27 March, 2012: Aggregate values for lifetime risk of maternal death (1 in: rate varies by country) - SH.MMR.RISK have been rounded to integer values to properly reflect the precision of the country values. South Sudan's population estimate for 2010 has been removed pending review of the data. A new estimate will be published July 1, 2012."

"9 March, 2012: Poverty data have been updated and revised to 2011. Grants data from OECD have been updated and revised to 2010. Electric power transmission and distribution loss data have been corrected to the proper scale. National accounts data for OECD countries from 1960 to 1969 have been restored. A correction has been made to the national accounts constant price series for United States from 1960 to 1981; group aggregate growth rates for 1981 were also corrected. A correction was also made to Venezuela's constant price manufacturing value added series from 1965 to 1997."

"15 December, 2011: This update features new external debt data, Doing Business and Enterprise Surveys indicators, energy and other environment-related series, immunization and tuberculosis series, and revised national accounts, balance of payments, monetary and government finance indicators, and education statistics. "

"1 December, 2011: Emissions and energy-related data, including twenty new indicators (see highlighted additions on the Series Changes sheet), have been updated to coincide with the release of The Little Data Book on Climate Change."

"22/27 September, 2011: Corrections were made to FDI net inflows for Turkmenistan for 2007 and 2008, and for Guinea-Bissau and Guyana for 2009 and 2010. These corrections also affected FDI net inflows as a percentage of GDP, as well as aggregate values for both series."

"19 September, 2011: Population related indicators (which also affects per capita series, such as GNI per capita and GDP per capita) have been revised based on the United Nations World Population Prospects 2010. Other series that have been updated include life expectancy, total fertility rates, mortality indicators, education statistics, poverty and income distribution series (major revisions), balance of payments series, monetary indicators, government finance indicators, PPP related series, trade indices and tariff indicators, FDI and portfolio equity flows, remittance related series, official development assistance and other official flows (from OECD), tourism related indicators, trade within region/outside region related series, and refugee related indicators. GNI and GDP were updated in July, but there are minor updates for some countries."

"28 July, 2011: 2010 data (plus revised historical data, where necessary) for all countries and groups for population-, GDP- and GNI-related indicators have been released; country classification hierarchies and group aggregate data reflect new fiscal year 2012 income classifications; Netherlands Antilles (ANT) no longer exists; Curacao (CUW), Sint Maarten (Dutch part) (SXM), and St. Martin (French part) (MAF) have been added; the unit descriptions for terrestrial protected areas (% of total land area) - ER.LND.PTLD.ZS  and marine protected areas (% of territorial waters) - ER.MRN.PTMR.ZS have been corrected; 2009 income distribution data for Chile have been corrected; Pakistan's current price data for imports of good and services for 2008 has been corrected, which also affected related trade series and final consumption expenditure figures; the 2000 base year values for adjusted net national income in constant 2000 U.S. dollars have been corrected (the growth rate series was not affected)."

"5 May, 2011: Gini index corrected for Chile, Kyrgyz Republic, Liberia and Seychelles; health expenditure data removed for Somalia; constant price GNI per capita adjusted for Cyprus, France, Georgia, Moldova, Morocco and Tanzania; monetary data (i.e., series beginning with FM and FS codes) corrected for Euro area countries, Turkmenistan and Venezuela, RB."






































